"species1","species2","D","p_eqD","CI_eqD_lower","CI_eqD_upper","p_sim1D","CI_sim1D_lower","CI_sim1D_upper","p_sim2D","CI_sim2D_lower","CI_sim2D_upper"
"Balmea_stormiae","Cosmibuena_grandiflora",0.0285550042181146,0.693069306930693,0.0123075784928574,0.0691786329005488,0.465346534653465,0,0.154727066956758,0.326732673267327,0,0.158513581590435
"Balmea_stormiae","Cosmibuena_macrocarpa",0,1,0.0175072339932314,0.0683564727625392,1,0,0.171127510867558,1,0,0.184884672637525
"Balmea_stormiae","Cosmibuena_matudae",0.129547149819782,1,0.437754540742866,0.784259913164466,0.168316831683168,0,0.295367882195981,0.148514851485149,0,0.251900958461567
"Balmea_stormiae","Cosmibuena_valerii",5.94308221173456e-05,1,0.15396377296481,0.233122831650437,0.762376237623762,0,0.234519867933292,0.633663366336634,0,0.245118933900004
"Balmea_stormiae","Hillia_allenii",0,1,0.00959383112085085,0.218502452062173,1,0,0.214919407349406,1,0,0.250396787648105
"Balmea_stormiae","Hillia_costanensis",0,1,0.104413828450573,0.368075152023419,1,0,0.152162488789421,1,0,0.145772204532563
"Balmea_stormiae","Hillia_grayumii",0,1,0.00690349205458082,0.101233832826015,1,0,0.0765648516946203,1,0,0.0746949145590904
"Balmea_stormiae","Hillia_illustris",0.0210853173579132,0.792079207920792,0.0101945840178788,0.0650192273095784,0.475247524752475,0,0.248937542605077,0.415841584158416,0,0.144787336037732
"Balmea_stormiae","Hillia_killipii",0.0293205313675836,0.683168316831683,0.0199710382761541,0.0716054639013392,0.207920792079208,0,0.154940793043075,0.217821782178218,0,0.233549109270459
"Balmea_stormiae","Hillia_longifilamentosa",0.0060246999554765,1,0.0277183955186217,0.275051156733095,0.485148514851485,0,0.234970172806857,0.554455445544555,0,0.268050608225896
"Balmea_stormiae","Hillia_loranthoides",0.00176843907329627,1,0.150905924659247,0.400079991682211,0.653465346534653,0,0.332511360664857,0.613861386138614,0,0.393617073064892
"Balmea_stormiae","Hillia_macromeris",0,1,0.0193927779194183,0.084273958478933,1,0,0.119313693521469,1,0,0.138162310726344
"Balmea_stormiae","Hillia_macrophylla_SA",0.0290300573228672,0.732673267326733,0.0191093687584684,0.0537355340616919,0.198019801980198,0,0.136853186337418,0.237623762376238,0,0.138663017857326
"Balmea_stormiae","Hillia_macrophylla_CA",0,1,0.00391602701993028,0.119444933075016,1,0,0.225176622314022,1,0,0.22102322577447
"Balmea_stormiae","Hillia_maxonii",0.0151513008544777,0.851485148514851,0.0129665449125629,0.044510104874023,0.366336633663366,0,0.147070693529735,0.336633663366337,0,0.132050696354584
"Balmea_stormiae","Hillia_palmana",0.00832656736127946,1,0.157767822658199,0.228373211247328,0.643564356435644,0,0.251474693989492,0.712871287128713,0,0.202166606478931
"Balmea_stormiae","Hillia_panamensis",0.0141897875117052,1,0.251819128584175,0.528856975766094,0.396039603960396,0,0.23645303816978,0.415841584158416,0,0.2450365257534
"Balmea_stormiae","Hillia_parasitica",0.0859149814072843,0.099009900990099,0.0394654683224884,0.0908994547541308,0.138613861386139,0,0.107919996579543,0.217821782178218,0,0.118093751046885
"Balmea_stormiae","Hillia_pumila",0.0222773953110363,0.930693069306931,0.0204285972733216,0.136492345490437,0.148514851485149,0,0.151459971686467,0.128712871287129,0,0.147794445970761
"Balmea_stormiae","Hillia_tetrandra",0.041403324735422,1,0.205692962669931,0.503985803335226,0.287128712871287,0,0.273459967198144,0.267326732673267,0,0.190601845440484
"Balmea_stormiae","Hillia_triflora_var._pittieri",0,1,0.0995055301722029,0.175815177398639,1,0,0.242764458450983,1,0,0.196119966707202
"Balmea_stormiae","Hillia_triflora_var._triflora",0.00724945863656967,1,0.125861676368643,0.222184474513319,0.584158415841584,0,0.233911061224409,0.485148514851485,0,0.174531495053
"Balmea_stormiae","Hillia_ulei",0.167567627169588,0.0099009900990099,0.0120643612899934,0.0650362641034756,0.0594059405940594,0,0.163942502990308,0.0693069306930693,0,0.171576915314612
"Balmea_stormiae","Hillia_wurdackii",0.0690734367211909,0.297029702970297,0.0384218268012906,0.125354460795954,0.0396039603960396,0,0.0387157891251281,0.0495049504950495,0,0.0487438621437847
"Cosmibuena_grandiflora","Cosmibuena_macrocarpa",0.441940205163525,0.900990099009901,0.216279785727966,0.733249531189175,0.148514851485149,1.0547118733939e-16,0.625956229978427,0.217821782178218,0.00348517362506571,0.725701163496862
"Cosmibuena_grandiflora","Cosmibuena_matudae",0.092860178083592,0.95049504950495,0.0963972270778842,0.274885863541659,0.287128712871287,0,0.207649110004046,0.257425742574257,0,0.231395288085642
"Cosmibuena_grandiflora","Cosmibuena_valerii",0.149496647243667,0.930693069306931,0.138598317783236,0.322767922860615,0.376237623762376,0.00024383034270018,0.345051145913505,0.376237623762376,3.45133167946876e-05,0.319835254259524
"Cosmibuena_grandiflora","Hillia_allenii",0.0423166135922952,0.475247524752475,0.0123148038203603,0.200813783440325,0.465346534653465,2.64658415947305e-05,0.205092465697553,0.455445544554455,0,0.234759172136822
"Cosmibuena_grandiflora","Hillia_costanensis",0.0187340287495761,0.861386138613861,0.0120203967251641,0.455202735248399,0.504950495049505,1.89901120727254e-05,0.398369885313954,0.574257425742574,3.77220589744098e-05,0.518542945504599
"Cosmibuena_grandiflora","Hillia_grayumii",0.00746321366907665,0.930693069306931,0.00493482369533329,0.199574516268687,0.108910891089109,0,0.0173884062877657,0.138613861386139,1.56280454821633e-07,0.0262627305994734
"Cosmibuena_grandiflora","Hillia_illustris",0.217024073607154,0.940594059405941,0.184233724220468,0.653302389095836,0.297029702970297,0.000508471275873473,0.548184462270695,0.346534653465347,1.0547118733939e-16,0.603190816956574
"Cosmibuena_grandiflora","Hillia_killipii",0.112778144111768,0.742574257425743,0.0566876372785224,0.261371577213644,0.0792079207920792,0,0.15514422411397,0.0693069306930693,0,0.1172201176884
"Cosmibuena_grandiflora","Hillia_longifilamentosa",0.0887225808763809,0.376237623762376,0.020610374220747,0.293264522760622,0.504950495049505,0.000569419750441141,0.30990526725724,0.485148514851485,5.23754297843127e-07,0.283739486889632
"Cosmibuena_grandiflora","Hillia_loranthoides",0.0992111277181341,0.623762376237624,0.0453604717704476,0.24384465253972,0.207920792079208,0,0.17962822153978,0.366336633663366,5.91180946076186e-05,0.216688119942601
"Cosmibuena_grandiflora","Hillia_macromeris",0.186642928214347,0.247524752475248,0.0190553964934912,0.442107339828136,0.554455445544555,0.00326251051434262,0.676942842853634,0.504950495049505,4.29598361156858e-05,0.676374541836782
"Cosmibuena_grandiflora","Hillia_macrophylla_SA",0.189852623930255,0.445544554455446,0.113978026152668,0.316222116289279,0.0594059405940594,7.56846104409847e-05,0.188218695556126,0.0594059405940594,1.74447068493622e-05,0.18547354239709
"Cosmibuena_grandiflora","Hillia_macrophylla_CA",0.0243726529766366,0.613861386138614,0.00589734145396733,0.203294342477359,0.287128712871287,0.000102656750255725,0.100700591403056,0.267326732673267,0,0.119677651573733
"Cosmibuena_grandiflora","Hillia_maxonii",0.704651020608509,0.0099009900990099,0.0922706498747107,0.620465760715014,0.118811881188119,0.00270496692559567,0.734469559862707,0.158415841584158,0.000352220380925361,0.746462681882428
"Cosmibuena_grandiflora","Hillia_palmana",0.183057617128729,0.752475247524752,0.125147911769287,0.306499895595305,0.445544554455446,0.000666892685381404,0.321231666749516,0.356435643564356,0.000283627259861197,0.305451126469883
"Cosmibuena_grandiflora","Hillia_panamensis",0.0939369394450507,0.841584158415842,0.0548816865897114,0.246401659738758,0.287128712871287,0,0.201418628537264,0.297029702970297,4.68366285374944e-06,0.181004170960996
"Cosmibuena_grandiflora","Hillia_parasitica",0.455087249886505,0.861386138613861,0.394225399913199,0.637179936493952,0.267326732673267,0.00451912421820118,0.58142202526359,0.277227722772277,0.000799565240753947,0.577388536468674
"Cosmibuena_grandiflora","Hillia_pumila",0.113480455372171,0.306930693069307,0.0191060822958871,0.171463271272597,0.0495049504950495,0.000366500508942186,0.105139222662167,0.099009900990099,0.000106840599358166,0.161738975219351
"Cosmibuena_grandiflora","Hillia_tetrandra",0.157204625578881,0.801980198019802,0.113468865710002,0.256353211162622,0.158415841584158,0,0.201339233720478,0.099009900990099,0,0.181291406734713
"Cosmibuena_grandiflora","Hillia_triflora_var._pittieri",0.0361358179544534,0.98019801980198,0.0591282695100162,0.321863715463028,0.455445544554455,0.000135958610360387,0.191806986426779,0.504950495049505,0,0.192570087110553
"Cosmibuena_grandiflora","Hillia_triflora_var._triflora",0.206944139043657,0.465346534653465,0.0631839867290623,0.332223791500355,0.366336633663366,0,0.33090704398727,0.386138613861386,0.00025996864916753,0.347808198325713
"Cosmibuena_grandiflora","Hillia_ulei",0.106620419484697,0.900990099009901,0.0854320527925014,0.567902871508411,0.425742574257426,0.00062727698868239,0.525667979279221,0.435643564356436,0.000426541601962455,0.560231294573728
"Cosmibuena_grandiflora","Hillia_wurdackii",0.136911759319115,0.752475247524752,0.0924264052463758,0.267678401449895,0.0198019801980198,0.000208776803914268,0.101600080648311,0.0693069306930693,0.00052466781305831,0.142188356319139
"Cosmibuena_macrocarpa","Cosmibuena_matudae",0.0131868633738818,1,0.142500254256474,0.269492298211922,0.316831683168317,0,0.185696792764492,0.445544554455446,0,0.203299282653625
"Cosmibuena_macrocarpa","Cosmibuena_valerii",0.0423246101148972,1,0.169959935031286,0.324505806113739,0.445544554455446,0,0.340015588144739,0.514851485148515,0,0.375296253640791
"Cosmibuena_macrocarpa","Hillia_allenii",0.0231950004900705,0.425742574257426,0.00268375306741186,0.294052284506766,0.465346534653465,0,0.280741738415402,0.524752475247525,0,0.262067975601464
"Cosmibuena_macrocarpa","Hillia_costanensis",0.00608138290553584,0.930693069306931,0.00595848168395161,0.694384390138513,0.623762376237624,0,0.381847744526242,0.623762376237624,4.3773714602513e-07,0.402097574741808
"Cosmibuena_macrocarpa","Hillia_grayumii",0.00541899649952582,0.742574257425743,0.00121717668906139,0.289921536954671,0.198019801980198,0,0.0359766134444895,0.287128712871287,0,0.0602803475525428
"Cosmibuena_macrocarpa","Hillia_illustris",0.281004958998902,0.732673267326733,0.0969904483242102,0.687871251279641,0.158415841584158,0,0.556627386868738,0.168316831683168,0.000191727732325758,0.433594491324226
"Cosmibuena_macrocarpa","Hillia_killipii",0.0405320858810295,0.96039603960396,0.053456623938917,0.196176348406085,0.257425742574257,0,0.214770969444551,0.386138613861386,0,0.324515258383619
"Cosmibuena_macrocarpa","Hillia_longifilamentosa",0.0332039795033198,0.643564356435644,0.00937457194668306,0.350445688745734,0.564356435643564,0,0.379729967110608,0.613861386138614,2.15172633100114e-07,0.354190988484545
"Cosmibuena_macrocarpa","Hillia_loranthoides",0.041182010820855,0.861386138613861,0.0351822337557561,0.275265271309687,0.326732673267327,0,0.193356633471941,0.376237623762376,0,0.204073977118198
"Cosmibuena_macrocarpa","Hillia_macromeris",0.329646920711559,0.435643564356436,0.00785437671919482,0.681039959885649,0.267326732673267,0.000175085867963892,0.633061548619388,0.178217821782178,0,0.521955676928443
"Cosmibuena_macrocarpa","Hillia_macrophylla_SA",0.0428561204843625,1,0.128730876163426,0.240753733507379,0.346534653465347,1.0547118733939e-16,0.36471848546916,0.316831683168317,0,0.153241033236864
"Cosmibuena_macrocarpa","Hillia_macrophylla_CA",0.0193431787684387,0.504950495049505,0.00176576006135276,0.391016249054091,0.405940594059406,0,0.215853458640327,0.405940594059406,0,0.254040192334195
"Cosmibuena_macrocarpa","Hillia_maxonii",0.330210988553951,0.920792079207921,0.246792302827592,0.811839013548498,0.168316831683168,0,0.641115977892016,0.198019801980198,6.77229830484072e-05,0.647786015247524
"Cosmibuena_macrocarpa","Hillia_palmana",0.0479006018407374,1,0.18364962153167,0.31768616507947,0.465346534653465,0,0.305875157866581,0.485148514851485,0,0.341805282335424
"Cosmibuena_macrocarpa","Hillia_panamensis",0.0344160459097965,0.98019801980198,0.0485429471124478,0.250901774432024,0.356435643564356,0,0.16783502368466,0.316831683168317,0,0.141194249558199
"Cosmibuena_macrocarpa","Hillia_parasitica",0.160855690141972,1,0.368356268389198,0.623578110801318,0.346534653465347,0.00125791439919374,0.506397156521262,0.356435643564356,0.00155660581355969,0.528141637781799
"Cosmibuena_macrocarpa","Hillia_pumila",0.0367046921015572,0.871287128712871,0.0199133389215783,0.166351261044646,0.346534653465347,7.23112848861618e-06,0.208877601330905,0.326732673267327,1.0547118733939e-16,0.235412601385141
"Cosmibuena_macrocarpa","Hillia_tetrandra",0.0797414844820665,1,0.138527831759044,0.246207766241498,0.267326732673267,0,0.209752242939579,0.257425742574257,0,0.250516468833371
"Cosmibuena_macrocarpa","Hillia_triflora_var._pittieri",0.0245204949717833,0.98019801980198,0.035813845069572,0.389221203293316,0.544554455445545,0,0.240335185406221,0.554455445544555,0,0.323619938177829
"Cosmibuena_macrocarpa","Hillia_triflora_var._triflora",0.0486121813003026,0.98019801980198,0.102961567948017,0.367838411581413,0.554455445544555,0,0.305765316893755,0.495049504950495,0,0.317383267722507
"Cosmibuena_macrocarpa","Hillia_ulei",0.067068662867742,0.98019801980198,0.0914759783502684,0.680371740487221,0.465346534653465,0.000311249818957615,0.451609348029981,0.514851485148515,0,0.571929141763472
"Cosmibuena_macrocarpa","Hillia_wurdackii",0.0427208434736016,1,0.094388576171417,0.180411782472755,0.297029702970297,2.32360459770153e-05,0.123737499881669,0.257425742574257,1.0547118733939e-16,0.0998069459551891
"Cosmibuena_matudae","Cosmibuena_valerii",0.205804167642193,1,0.36247200121049,0.610112641196053,0.0594059405940594,0,0.203561521554227,0.0693069306930693,0,0.208581821993151
"Cosmibuena_matudae","Hillia_allenii",0.297265982958578,0.752475247524752,0.177971152770896,0.637261820442275,0.0198019801980198,0,0.166186423455136,0.0099009900990099,0,0.136049838465359
"Cosmibuena_matudae","Hillia_costanensis",0.0370522223834066,1,0.144566561426799,0.50514511208882,0.198019801980198,0,0.156306943339367,0.237623762376238,0,0.194800247834071
"Cosmibuena_matudae","Hillia_grayumii",0,1,0.0961045560645633,0.611528477505432,1,0,0.0118148937977009,1,0,0.0327122600967164
"Cosmibuena_matudae","Hillia_illustris",0.0788890393365815,1,0.14041893642329,0.320400512843615,0.287128712871287,0,0.239954400102814,0.247524752475248,0,0.185644530885239
"Cosmibuena_matudae","Hillia_killipii",0.323072125458432,0.445544554455446,0.1692721112316,0.418716384726528,0.0594059405940594,0,0.318971148184294,0.0198019801980198,0,0.162356900075408
"Cosmibuena_matudae","Hillia_longifilamentosa",0.414408649255219,0.584158415841584,0.249704946437155,0.61373939116976,0.0099009900990099,0,0.230776436421959,0.0099009900990099,0,0.174101786955365
"Cosmibuena_matudae","Hillia_loranthoides",0.211715737204073,0.99009900990099,0.350856542793903,0.769111389647222,0.217821782178218,0,0.566209050683246,0.168316831683168,0,0.497530160673286
"Cosmibuena_matudae","Hillia_macromeris",0.0112961813832237,1,0.137400647283097,0.453814090024315,0.514851485148515,0,0.20496256943505,0.495049504950495,0,0.226837708570009
"Cosmibuena_matudae","Hillia_macrophylla_SA",0.174976638698481,1,0.227130043493782,0.403988169963516,0.099009900990099,0,0.213587334645802,0.0297029702970297,0,0.0836563045150767
"Cosmibuena_matudae","Hillia_macrophylla_CA",0.0093948158893381,1,0.125977181729047,0.56604555241994,0.306930693069307,0,0.068792791904645,0.316831683168317,0,0.123136453783945
"Cosmibuena_matudae","Hillia_maxonii",0.0460558545906827,1,0.0909334566924119,0.369881249538024,0.326732673267327,0,0.188695130339003,0.415841584158416,0,0.186652250431448
"Cosmibuena_matudae","Hillia_palmana",0.253507151950944,0.99009900990099,0.366342889643612,0.538656169072009,0.0198019801980198,0,0.166490983613502,0.0198019801980198,0,0.185164953227649
"Cosmibuena_matudae","Hillia_panamensis",0.493251932568382,0.940594059405941,0.492098555377486,0.799643612404098,0.099009900990099,0,0.643632352814486,0.0891089108910891,0,0.535359695102142
"Cosmibuena_matudae","Hillia_parasitica",0.128108793448197,0.940594059405941,0.127489555137783,0.211202731468835,0.168316831683168,0,0.20673130997629,0.188118811881188,0,0.209635381149802
"Cosmibuena_matudae","Hillia_pumila",0.241884411999146,0.623762376237624,0.166349722150709,0.438205272591609,0.0198019801980198,0,0.0709839372148118,0.0396039603960396,0,0.144681332979701
"Cosmibuena_matudae","Hillia_tetrandra",0.418509644990063,0.96039603960396,0.426832991889849,0.742299742590754,0.099009900990099,0,0.517042745284429,0.118811881188119,0,0.508739839301099
"Cosmibuena_matudae","Hillia_triflora_var._pittieri",0.0807908285899406,1,0.272505120430495,0.594885027366112,0.178217821782178,0,0.180688796079803,0.198019801980198,0,0.218436787065681
"Cosmibuena_matudae","Hillia_triflora_var._triflora",0.293238794535387,0.881188118811881,0.263420190361619,0.571529328243587,0.0297029702970297,0,0.18049754511045,0.0099009900990099,0,0.170395586439613
"Cosmibuena_matudae","Hillia_ulei",0.221137686031269,0.712871287128713,0.178092974920193,0.337189059375866,0.0792079207920792,0,0.263855549980205,0.0891089108910891,0,0.249913880977854
"Cosmibuena_matudae","Hillia_wurdackii",0.297338632372495,0.257425742574257,0.192677393926807,0.363646659870548,0.0099009900990099,0,0.0993428798965679,0.0099009900990099,0,0.153949332519091
"Cosmibuena_valerii","Hillia_allenii",0.226465156845653,0.782178217821782,0.135019578322532,0.685045787652189,0.376237623762376,0,0.67305966993179,0.405940594059406,0,0.658410709478446
"Cosmibuena_valerii","Hillia_costanensis",0.00669828283022889,1,0.117675165334432,0.46197534643381,0.742574257425743,0,0.358393650194237,0.702970297029703,0,0.311610404750473
"Cosmibuena_valerii","Hillia_grayumii",0.0206146813609055,1,0.0675651397242614,0.603479670357229,0.099009900990099,0,0.0444293071124772,0.0792079207920792,0,0.0307336664042524
"Cosmibuena_valerii","Hillia_illustris",0.11919437547349,0.930693069306931,0.111968013253754,0.347789503522564,0.485148514851485,0.000979956730232723,0.313358590510817,0.435643564356436,0.00013385271920574,0.320604566544756
"Cosmibuena_valerii","Hillia_killipii",0.547539721874043,0.128712871287129,0.346233520862165,0.564893801108608,0.0099009900990099,0,0.116360021677453,0.0099009900990099,0,0.112737819260672
"Cosmibuena_valerii","Hillia_longifilamentosa",0.529519115514503,0.405940594059406,0.238016952892957,0.700602897099122,0.297029702970297,0,0.860462792411835,0.198019801980198,0,0.725902101015087
"Cosmibuena_valerii","Hillia_loranthoides",0.577154814207059,0.475247524752475,0.353759976700904,0.688158304214966,0.0099009900990099,0,0.250667408934056,0.0099009900990099,0,0.284195024473193
"Cosmibuena_valerii","Hillia_macromeris",0.0776814361867731,1,0.124018448084639,0.500212852300765,0.544554455445545,0,0.304913757441045,0.584158415841584,0,0.330912961566524
"Cosmibuena_valerii","Hillia_macrophylla_SA",0.583124125637912,0.0099009900990099,0.375765760674068,0.560559458314487,0.0099009900990099,1.66085095112012e-05,0.15935162044542,0.0099009900990099,0,0.163190513728977
"Cosmibuena_valerii","Hillia_macrophylla_CA",0.123179347072373,0.871287128712871,0.0850406209144168,0.557850180378401,0.287128712871287,0,0.359426803293921,0.237623762376238,0,0.369650541044525
"Cosmibuena_valerii","Hillia_maxonii",0.140168918747389,0.940594059405941,0.130672533614114,0.441045734045216,0.514851485148515,0.00119913320934065,0.247472490906711,0.504950495049505,0.00181305563217677,0.250978267148865
"Cosmibuena_valerii","Hillia_palmana",0.722409564208478,0.702970297029703,0.615985493662545,0.860365289514819,0.128712871287129,0.00384374262790301,0.76523993766257,0.118811881188119,8.75497371071399e-05,0.755240747360629
"Cosmibuena_valerii","Hillia_panamensis",0.478360787356042,0.851485148514851,0.41633307119245,0.693578013326134,0.0099009900990099,0,0.161227413748534,0.0099009900990099,0,0.195972393773851
"Cosmibuena_valerii","Hillia_parasitica",0.113281086054301,0.97029702970297,0.131465151709482,0.256012074801285,0.455445544554455,0.00347594642806178,0.244789748218251,0.554455445544555,0.0071085608231567,0.231791007153498
"Cosmibuena_valerii","Hillia_pumila",0.272432350021616,0.752475247524752,0.104492088939846,0.496231071123832,0.0099009900990099,0,0.0846226856537526,0.0198019801980198,0,0.102977595495997
"Cosmibuena_valerii","Hillia_tetrandra",0.482031791512504,0.851485148514851,0.434967395872,0.673733710968873,0.0099009900990099,0,0.178223156629412,0.0198019801980198,0,0.274295508535999
"Cosmibuena_valerii","Hillia_triflora_var._pittieri",0.120409634280827,1,0.364855864086485,0.779002841648795,0.425742574257426,0,0.539264936726373,0.376237623762376,0,0.57725841665798
"Cosmibuena_valerii","Hillia_triflora_var._triflora",0.724911930132299,0.425742574257426,0.542743044806958,0.837345579309775,0.158415841584158,0.00669509444104533,0.788275780603797,0.128712871287129,0.000309469197009249,0.770110711249116
"Cosmibuena_valerii","Hillia_ulei",0.0674378296763463,1,0.138806057691487,0.374174236030059,0.584158415841584,0,0.330058707595229,0.594059405940594,0,0.347341861948725
"Cosmibuena_valerii","Hillia_wurdackii",0.210023752122743,0.99009900990099,0.284102167359131,0.477331174705687,0.0099009900990099,0,0.0785140676827622,0.0099009900990099,0,0.0922551971843687
"Hillia_allenii","Hillia_costanensis",0.0250938154250753,0.821782178217822,0.0131196616213051,0.305726991380618,0.514851485148515,0,0.334934465205517,0.455445544554455,0,0.318026020177501
"Hillia_allenii","Hillia_grayumii",0.0603526974460928,0.98019801980198,0.0667164323801192,0.61320485117907,0.0396039603960396,0,0.032073169233843,0.0792079207920792,0,0.0646319667193892
"Hillia_allenii","Hillia_illustris",0.0869896248011222,0.356435643564356,0.0100486079539057,0.233739024522891,0.306930693069307,0,0.262918206349527,0.336633663366337,0,0.228278254232897
"Hillia_allenii","Hillia_killipii",0.333030764229501,0.623762376237624,0.15902648169681,0.507493212333957,0.0099009900990099,0,0.133414715191807,0.0198019801980198,0,0.157718926979073
"Hillia_allenii","Hillia_longifilamentosa",0.231049716083189,0.920792079207921,0.207196534462752,0.766621509827583,0.316831683168317,0,0.620404269437972,0.356435643564356,0,0.605594804648439
"Hillia_allenii","Hillia_loranthoides",0.290691037741866,0.663366336633663,0.132385198898288,0.656740019177154,0.0099009900990099,0,0.120763820880901,0.0594059405940594,0,0.238436515598368
"Hillia_allenii","Hillia_macromeris",0.0295979417827322,0.841584158415842,0.0104338598069772,0.374266187441375,0.603960396039604,0,0.254924868215315,0.544554455445545,0,0.22590057290002
"Hillia_allenii","Hillia_macrophylla_SA",0.177058891679725,0.841584158415842,0.0934085864984281,0.470928061333824,0.0396039603960396,0,0.127410304401632,0.0396039603960396,0,0.102465347569028
"Hillia_allenii","Hillia_macrophylla_CA",0.324580549117129,0.495049504950495,0.06257199620302,0.652105788777892,0.108910891089109,0,0.445157310212362,0.099009900990099,0,0.422534129635845
"Hillia_allenii","Hillia_maxonii",0.0264548595095396,0.702970297029703,0.0122599870221388,0.285258582285922,0.643564356435644,0,0.187082804768753,0.613861386138614,5.14591141515308e-05,0.193123482164347
"Hillia_allenii","Hillia_palmana",0.129821695186835,0.851485148514851,0.097171979200252,0.606426046152425,0.495049504950495,0,0.501608943233967,0.475247524752475,0,0.515278520697442
"Hillia_allenii","Hillia_panamensis",0.511026076489503,0.257425742574257,0.135482126134375,0.664070050960596,0.0099009900990099,0,0.111389824118032,0.0099009900990099,0,0.146873551312775
"Hillia_allenii","Hillia_parasitica",0.0244069013910003,0.97029702970297,0.0272951790526724,0.194471980890698,0.772277227722772,0.000572166000601765,0.164568342800194,0.683168316831683,0.000303609750546602,0.174967059441342
"Hillia_allenii","Hillia_pumila",0.108566816173292,0.851485148514851,0.0570826378948326,0.369837331334027,0.0792079207920792,0,0.123649406629658,0.0297029702970297,0,0.0472551489613651
"Hillia_allenii","Hillia_tetrandra",0.433712348766674,0.128712871287129,0.0614457911933436,0.505566192473508,0.0099009900990099,0,0.186145635204324,0.0099009900990099,0,0.186384094221002
"Hillia_allenii","Hillia_triflora_var._pittieri",0.419997108847477,0.415841584158416,0.152696585267923,0.652138916468007,0.148514851485149,0,0.594005810050183,0.138613861386139,0,0.617698739335033
"Hillia_allenii","Hillia_triflora_var._triflora",0.184481739273236,0.762376237623762,0.112631073529516,0.647130839124535,0.386138613861386,0,0.540647036647492,0.504950495049505,1.0547118733939e-16,0.627863957802923
"Hillia_allenii","Hillia_ulei",0.0938944291434516,0.564356435643564,0.0196347211318939,0.261891981600068,0.267326732673267,0,0.243049908618789,0.237623762376238,0,0.209909442048106
"Hillia_allenii","Hillia_wurdackii",0.0743224507944767,0.95049504950495,0.0838579972361655,0.351615492684194,0.0396039603960396,0,0.0509744608105973,0.0297029702970297,0,0.0428956419302083
"Hillia_costanensis","Hillia_grayumii",0,1,0.00493774098569733,0.256031840367947,1,0,0.0272380657598133,1,0,0.0660845046218304
"Hillia_costanensis","Hillia_illustris",0.0644854715060548,0.475247524752475,0.00872600806610098,0.379650008705237,0.326732673267327,0,0.456359420880276,0.326732673267327,0,0.594967342296787
"Hillia_costanensis","Hillia_killipii",0.0431329088372351,0.99009900990099,0.0932014274453865,0.527359640377844,0.118811881188119,0,0.0826629713308837,0.168316831683168,0,0.184810908076732
"Hillia_costanensis","Hillia_longifilamentosa",0.0203063624399872,0.930693069306931,0.0106823160780334,0.458993944245009,0.673267326732673,0,0.374484863045329,0.663366336633663,0,0.343375329203654
"Hillia_costanensis","Hillia_loranthoides",0.0165389509734211,0.99009900990099,0.0409855332516055,0.474624588522883,0.366336633663366,0,0.127955183456139,0.405940594059406,0,0.204981103270439
"Hillia_costanensis","Hillia_macromeris",0.0013401811605035,0.99009900990099,0.00642005658414418,0.370444112074522,0.841584158415842,0,0.711697984767592,0.841584158415842,0,0.733694645745738
"Hillia_costanensis","Hillia_macrophylla_SA",0.0189493030834436,1,0.128785475661708,0.486357284419185,0.207920792079208,0,0.0410603458871699,0.267326732673267,0,0.133664322202152
"Hillia_costanensis","Hillia_macrophylla_CA",0,1,0.00388531209262615,0.19243198733903,1,0,0.23252985540514,1,0,0.229595912963884
"Hillia_costanensis","Hillia_maxonii",0.00935884844323631,0.98019801980198,0.0133016532783716,0.402838279167343,0.712871287128713,2.5015065928824e-05,0.401681222218011,0.623762376237624,0,0.409842422491836
"Hillia_costanensis","Hillia_palmana",0.0156209393183575,1,0.0892393608251324,0.410397805672479,0.762376237623762,0,0.268791213069091,0.722772277227723,1.52209492392252e-05,0.243361443011536
"Hillia_costanensis","Hillia_panamensis",0.067450839199543,0.910891089108911,0.043733668513769,0.520808247209799,0.188118811881188,0,0.121725653789254,0.188118811881188,0,0.123978637184982
"Hillia_costanensis","Hillia_parasitica",0.0209458807056648,0.98019801980198,0.0390094024439493,0.481098704908807,0.584158415841584,0.000967076224425173,0.522585292245231,0.663366336633663,0.000196902284805811,0.512358515750681
"Hillia_costanensis","Hillia_pumila",0.00964709133341102,1,0.0323617941282054,0.295556708294555,0.346534653465347,0,0.0546237293940612,0.287128712871287,0,0.033896523951222
"Hillia_costanensis","Hillia_tetrandra",0.111163810218865,0.821782178217822,0.0542138194810115,0.435355679096435,0.099009900990099,0,0.155916758337084,0.0594059405940594,0,0.104914103805678
"Hillia_costanensis","Hillia_triflora_var._pittieri",0.00692924735956912,1,0.164518570427343,0.485833095634637,0.584158415841584,0,0.244470025285646,0.495049504950495,0,0.323086508651647
"Hillia_costanensis","Hillia_triflora_var._triflora",0.0185763506054228,1,0.0421947262696873,0.436919436513538,0.702970297029703,0,0.300268057094324,0.613861386138614,0,0.267499650826995
"Hillia_costanensis","Hillia_ulei",0.17213650555351,0.267326732673267,0.0216835678368862,0.3836425180699,0.247524752475248,1.0547118733939e-16,0.449867535397713,0.277227722772277,0,0.508804781711787
"Hillia_costanensis","Hillia_wurdackii",0.026766691127167,1,0.0831787256642691,0.550424853373517,0.099009900990099,0,0.0456640931292307,0.0594059405940594,0,0.0234800724313984
"Hillia_grayumii","Hillia_illustris",0.0210986951277357,0.693069306930693,0.00254507963246212,0.25655305659356,0.0693069306930693,0,0.0219957264182488,0.0792079207920792,0,0.0234214657728721
"Hillia_grayumii","Hillia_killipii",0.06020361706733,0.97029702970297,0.0921397240880265,0.443875181374905,0.0396039603960396,0,0.0315473074428304,0.0099009900990099,0,0.033458582417612
"Hillia_grayumii","Hillia_longifilamentosa",0.0139731804443728,1,0.0793662551751325,0.532304864921291,0.188118811881188,0,0.0330365411707666,0.188118811881188,0,0.0661242465190423
"Hillia_grayumii","Hillia_loranthoides",0.0429207205840854,0.96039603960396,0.0498386421080179,0.547321256821808,0.0396039603960396,0,0.0193131317928477,0.0198019801980198,0,0.0212172409936817
"Hillia_grayumii","Hillia_macromeris",0.0122816792131306,0.811881188118812,0.00687884809700615,0.191903601974934,0.0495049504950495,0,0.00728842624957885,0.0891089108910891,0,0.0292533653890441
"Hillia_grayumii","Hillia_macrophylla_SA",0.0352316008105221,1,0.0810880699828962,0.451567341148153,0.0297029702970297,0,0.0119960055871681,0.0099009900990099,0,0.0112502047995481
"Hillia_grayumii","Hillia_macrophylla_CA",0.152242300542897,0.366336633663366,0.00900348628537317,0.273820273451752,0.0099009900990099,0,0.0344074016353132,0.0297029702970297,0,0.0528251547531029
"Hillia_grayumii","Hillia_maxonii",0.00600689960945022,0.99009900990099,0.00941602076826821,0.266803506035083,0.138613861386139,0,0.035868428705513,0.0891089108910891,0,0.0139812331231205
"Hillia_grayumii","Hillia_palmana",0.0104622947342576,1,0.0584964976159004,0.656692876241871,0.168316831683168,0,0.0247914045385813,0.128712871287129,0,0.0178972485866491
"Hillia_grayumii","Hillia_panamensis",0.0128564902803859,1,0.0606043091566717,0.490331499699234,0.0297029702970297,0,0.0082045786004047,0.0495049504950495,0,0.0101247610836154
"Hillia_grayumii","Hillia_parasitica",0.00432107962168116,0.99009900990099,0.0186884942900281,0.207631206032716,0.108910891089109,9.55630613359016e-06,0.0147937304351591,0.178217821782178,0,0.0218097873484412
"Hillia_grayumii","Hillia_pumila",0.0229431768978409,0.96039603960396,0.0246262191809962,0.330557898292893,0.0297029702970297,0,0.00673327061910684,0.0198019801980198,0,0.00349365868819287
"Hillia_grayumii","Hillia_tetrandra",0.0394817253629902,0.930693069306931,0.0307300375874648,0.368929521202798,0.0396039603960396,0,0.0158680668488517,0.0297029702970297,0,0.0144787755938868
"Hillia_grayumii","Hillia_triflora_var._pittieri",0.13175055997647,0.930693069306931,0.128104466230272,0.609961004127147,0.0198019801980198,0,0.0425137976310756,0.0198019801980198,0,0.0417336851456217
"Hillia_grayumii","Hillia_triflora_var._triflora",0.0163836967102997,1,0.0717971747359333,0.574900958855053,0.0891089108910891,0,0.0252269864723175,0.108910891089109,0,0.0421216914169696
"Hillia_grayumii","Hillia_ulei",0.00274366882596067,0.95049504950495,0.0028387079052091,0.193890308336453,0.297029702970297,0,0.0423068457390888,0.237623762376238,0,0.0377718538978836
"Hillia_grayumii","Hillia_wurdackii",0.00767042973652132,1,0.0761634533538201,0.321624029936098,0.0396039603960396,0,0.00525702379419532,0.0495049504950495,0,0.00632337568812449
"Hillia_illustris","Hillia_killipii",0.161971143523195,0.653465346534653,0.0576560081155712,0.284545485115211,0.0693069306930693,0,0.163431891788457,0.099009900990099,0,0.224061043819137
"Hillia_illustris","Hillia_longifilamentosa",0.0940387781463787,0.435643564356436,0.0107289559090959,0.315131388974349,0.495049504950495,0,0.287747548071929,0.425742574257426,0,0.302508423221755
"Hillia_illustris","Hillia_loranthoides",0.157158313516672,0.584158415841584,0.0538076038127426,0.340155781531846,0.148514851485149,1.0547118733939e-16,0.223636294204024,0.128712871287129,0,0.220136767369408
"Hillia_illustris","Hillia_macromeris",0.414674609899885,0.118811881188119,0.0147596169990996,0.447862871620106,0.188118811881188,0,0.788302151716006,0.247524752475248,0.000599200611492295,0.800188224956432
"Hillia_illustris","Hillia_macrophylla_SA",0.182189786724265,0.930693069306931,0.168131095779212,0.338213000761289,0.0792079207920792,0,0.229621069165698,0.0396039603960396,0,0.113110963507476
"Hillia_illustris","Hillia_macrophylla_CA",0.0932087548630497,0.247524752475248,0.0036398515319981,0.227354296188072,0.188118811881188,0,0.150212749820807,0.099009900990099,0,0.114014753411786
"Hillia_illustris","Hillia_maxonii",0.145372914652427,0.762376237623762,0.0740341360434948,0.615768359887422,0.534653465346535,8.32694106178367e-05,0.587757443894664,0.495049504950495,0.000118473295452365,0.578075453067584
"Hillia_illustris","Hillia_palmana",0.108536732347391,0.97029702970297,0.167791307234322,0.301964809057459,0.544554455445545,0.0123268470588934,0.337068168492354,0.574257425742574,0.00812838898825103,0.296187699046017
"Hillia_illustris","Hillia_panamensis",0.144833798336666,0.544554455445545,0.0528089322639157,0.310188332541616,0.118811881188119,0,0.167753633311934,0.138613861386139,0,0.210950481900788
"Hillia_illustris","Hillia_parasitica",0.0911444817671391,1,0.518872308218689,0.769867305127321,0.534653465346535,0.000659858379393369,0.703973947416368,0.544554455445545,0.00326135188964667,0.613234773845277
"Hillia_illustris","Hillia_pumila",0.121070354255598,0.386138613861386,0.0125413969016093,0.235048488731445,0.0495049504950495,0,0.0834592444488473,0.0198019801980198,0,0.0849402276336413
"Hillia_illustris","Hillia_tetrandra",0.207239184641514,0.544554455445545,0.114553696168782,0.293712368220012,0.108910891089109,0,0.244259546410217,0.0792079207920792,0,0.262789884922065
"Hillia_illustris","Hillia_triflora_var._pittieri",0.0908395174128624,0.97029702970297,0.103417078895887,0.389035608046185,0.336633663366337,1.25591196655339e-05,0.218783139584902,0.306930693069307,0,0.181955117560473
"Hillia_illustris","Hillia_triflora_var._triflora",0.133072869454006,0.663366336633663,0.0740304985122848,0.373650466689343,0.435643564356436,0.00057308054768539,0.313584010596686,0.465346534653465,0.000907446034995252,0.315032828542168
"Hillia_illustris","Hillia_ulei",0.454993277898453,0.267326732673267,0.0925990595050627,0.588513588784072,0.188118811881188,0.000266466099301493,0.72351520005528,0.158415841584158,0,0.665089032450621
"Hillia_illustris","Hillia_wurdackii",0.116275338205895,0.99009900990099,0.170067767995279,0.244164138907835,0.0495049504950495,0,0.0956504246879183,0.0495049504950495,0,0.107216028332007
"Hillia_killipii","Hillia_longifilamentosa",0.454275466916398,0.267326732673267,0.236968404136039,0.541052932073015,0.0099009900990099,0,0.1968819764865,0.0099009900990099,0,0.204905519384436
"Hillia_killipii","Hillia_loranthoides",0.572505152229648,0.0297029702970297,0.288620158004613,0.540279695988035,0.0099009900990099,0,0.251970886266368,0.0099009900990099,0,0.184914683739635
"Hillia_killipii","Hillia_macromeris",0.0714911567666781,0.97029702970297,0.0949890443221567,0.585088183890975,0.128712871287129,0,0.132600880475976,0.108910891089109,0,0.127429435045843
"Hillia_killipii","Hillia_macrophylla_SA",0.60282274089204,0.574257425742574,0.441124906320813,0.750822636569189,0.0396039603960396,0,0.548155220408765,0.0693069306930693,0,0.609918008480483
"Hillia_killipii","Hillia_macrophylla_CA",0.188244288670037,0.762376237623762,0.108444684402212,0.438911182375166,0.0396039603960396,0,0.150421794209148,0.0396039603960396,0,0.150599799616939
"Hillia_killipii","Hillia_maxonii",0.0886269757800699,0.900990099009901,0.0713455385247519,0.445668464407863,0.0198019801980198,0,0.0447301249307264,0.0198019801980198,0,0.0587618938299804
"Hillia_killipii","Hillia_palmana",0.442654905512902,0.267326732673267,0.188537310828257,0.525238704296511,0.0099009900990099,0,0.162090498183491,0.0099009900990099,0,0.192984582838072
"Hillia_killipii","Hillia_panamensis",0.570323623760245,0.0099009900990099,0.283914659815624,0.502565001614223,0.0099009900990099,0,0.281905634436773,0.0198019801980198,0,0.251072924319841
"Hillia_killipii","Hillia_parasitica",0.0903787365323969,0.99009900990099,0.134787376198239,0.390523074508104,0.0396039603960396,0.000153412206042625,0.0769921689850715,0.0297029702970297,0.00084220708441754,0.0667647157966874
"Hillia_killipii","Hillia_pumila",0.252016005828502,0.900990099009901,0.217461806440144,0.711320959833635,0.108910891089109,0,0.410185988172482,0.178217821782178,0,0.463611922094683
"Hillia_killipii","Hillia_tetrandra",0.576367708743944,0.0099009900990099,0.151725652635368,0.378261173601245,0.0099009900990099,0,0.205788111647865,0.0099009900990099,0,0.280670644928809
"Hillia_killipii","Hillia_triflora_var._pittieri",0.236553343282319,1,0.328294014913204,0.547759390760489,0.0198019801980198,0,0.142132650828717,0.0297029702970297,0,0.150658513689753
"Hillia_killipii","Hillia_triflora_var._triflora",0.546268682842059,0.0099009900990099,0.278661458154009,0.492296036325649,0.0099009900990099,0,0.11546313773096,0.0099009900990099,0,0.128710223769193
"Hillia_killipii","Hillia_ulei",0.182270740589323,0.673267326732673,0.0689673404197444,0.467687499470373,0.0198019801980198,0,0.0961819692327669,0.0396039603960396,0,0.142735688942815
"Hillia_killipii","Hillia_wurdackii",0.241050767819204,1,0.39406529577218,0.708500764202969,0.207920792079208,0,0.675766649004002,0.158415841584158,0,0.62595082987146
"Hillia_longifilamentosa","Hillia_loranthoides",0.405687970993572,0.504950495049505,0.213045573820407,0.656258809363833,0.0099009900990099,0,0.252983090725068,0.0198019801980198,0,0.297367500653449
"Hillia_longifilamentosa","Hillia_macromeris",0.0517124462347875,0.940594059405941,0.0409923148116651,0.408374870038401,0.653465346534653,0.000205486567421503,0.354937850329688,0.584158415841584,0,0.335388337632777
"Hillia_longifilamentosa","Hillia_macrophylla_SA",0.352976253162768,0.643564356435644,0.227962199297003,0.507248330743437,0.0198019801980198,0,0.136404104435221,0.0099009900990099,0,0.151471400825418
"Hillia_longifilamentosa","Hillia_macrophylla_CA",0.0786088125066949,0.95049504950495,0.0982303701612908,0.681907297159335,0.306930693069307,0,0.370410272625018,0.306930693069307,0,0.350360881045183
"Hillia_longifilamentosa","Hillia_maxonii",0.0653141255930365,0.603960396039604,0.0242624166572065,0.334344491245987,0.633663366336634,0.000226860448228827,0.293392189219401,0.623762376237624,0.000437409216758461,0.281685362746248
"Hillia_longifilamentosa","Hillia_palmana",0.548780192996494,0.386138613861386,0.214020212858049,0.740213794940138,0.178217821782178,0.000234315994581996,0.735888228821569,0.178217821782178,0.000290057481670286,0.751588375184879
"Hillia_longifilamentosa","Hillia_panamensis",0.52790966403434,0.297029702970297,0.221830566292891,0.668867024801265,0.0099009900990099,0,0.176406166302706,0.0099009900990099,0,0.110073770768595
"Hillia_longifilamentosa","Hillia_parasitica",0.0705783378052108,0.811881188118812,0.0457986779956623,0.226355977918228,0.584158415841584,0.00192182155938768,0.254446304713072,0.594059405940594,0.000320761553885218,0.276233393009102
"Hillia_longifilamentosa","Hillia_pumila",0.224229385679614,0.752475247524752,0.124512128155916,0.44396081102008,0.0099009900990099,0,0.0888680624275449,0.0297029702970297,0,0.105124012504393
"Hillia_longifilamentosa","Hillia_tetrandra",0.506630749921597,0.0891089108910891,0.101122323829408,0.533629276897372,0.0099009900990099,0,0.238670631822425,0.0099009900990099,0,0.186531128485291
"Hillia_longifilamentosa","Hillia_triflora_var._pittieri",0.0796807854281441,1,0.140853733860139,0.625534653259053,0.544554455445545,0,0.53440256687032,0.455445544554455,0,0.525188457359315
"Hillia_longifilamentosa","Hillia_triflora_var._triflora",0.592252080425781,0.316831683168317,0.207781678744784,0.750214845831434,0.287128712871287,0,0.846763060990714,0.247524752475248,0.000475692397427835,0.840719116375715
"Hillia_longifilamentosa","Hillia_ulei",0.0812803907203211,0.584158415841584,0.0259203918144896,0.244267780495787,0.514851485148515,0,0.339634468750851,0.455445544554455,0,0.341640809807653
"Hillia_longifilamentosa","Hillia_wurdackii",0.189118725620823,0.900990099009901,0.14958479580183,0.37598371781452,0.0198019801980198,0,0.0812328154702441,0.0099009900990099,0,0.0842266443766506
"Hillia_loranthoides","Hillia_macromeris",0.0730648240441768,0.96039603960396,0.0788479911779935,0.474419821108685,0.356435643564356,0,0.218277201979848,0.297029702970297,0,0.165922664007237
"Hillia_loranthoides","Hillia_macrophylla_SA",0.462158501840063,0.297029702970297,0.319184292672326,0.514541328280449,0.0099009900990099,0,0.22074110340582,0.0099009900990099,0,0.268347500379744
"Hillia_loranthoides","Hillia_macrophylla_CA",0.183241400009664,0.643564356435644,0.0491165976923001,0.514452325534105,0.0891089108910891,0,0.194356896230555,0.0792079207920792,0,0.197758008890146
"Hillia_loranthoides","Hillia_maxonii",0.0790952439816871,0.752475247524752,0.0472644886492129,0.416214565262003,0.336633663366337,0,0.179254363732248,0.396039603960396,0,0.174578898693354
"Hillia_loranthoides","Hillia_palmana",0.415776434774121,0.792079207920792,0.344420184389811,0.617238298825213,0.0099009900990099,0,0.195328934061181,0.0099009900990099,0,0.256719314996489
"Hillia_loranthoides","Hillia_panamensis",0.484030476184888,0.455445544554455,0.250488342167492,0.705598760148731,0.0792079207920792,0,0.510073291014388,0.099009900990099,0,0.590857004628179
"Hillia_loranthoides","Hillia_parasitica",0.0672382564226202,0.99009900990099,0.0972759040554416,0.194897794432391,0.336633663366337,0.000218312294488854,0.211653784608385,0.396039603960396,0.00119965998165748,0.209643963561341
"Hillia_loranthoides","Hillia_pumila",0.217604613438019,0.663366336633663,0.10196112651708,0.437170182107692,0.0693069306930693,0,0.218785039057534,0.0297029702970297,0,0.162601247459058
"Hillia_loranthoides","Hillia_tetrandra",0.502128383866799,0.287128712871287,0.152642894474292,0.643935690737046,0.0099009900990099,0,0.412204127449269,0.0594059405940594,0,0.460247263530504
"Hillia_loranthoides","Hillia_triflora_var._pittieri",0.224215006044122,0.95049504950495,0.232082838282978,0.704341895514385,0.0396039603960396,0,0.186747542460055,0.0198019801980198,0,0.146714666998905
"Hillia_loranthoides","Hillia_triflora_var._triflora",0.566993346363914,0.287128712871287,0.38803975232084,0.652017883046586,0.0099009900990099,0,0.183399243569295,0.0099009900990099,0,0.196565236596659
"Hillia_loranthoides","Hillia_ulei",0.120330700983686,0.891089108910891,0.0987723858718079,0.371039117418488,0.277227722772277,0,0.216286930825021,0.277227722772277,0,0.218650849198006
"Hillia_loranthoides","Hillia_wurdackii",0.16029567697581,1,0.241393037640908,0.399288606827008,0.0297029702970297,0,0.129170632802734,0.0495049504950495,0,0.156610627329629
"Hillia_macromeris","Hillia_macrophylla_SA",0.0838783292593368,1,0.180064358995994,0.566069223922093,0.0891089108910891,0,0.0952019295582624,0.148514851485149,0,0.157770193329355
"Hillia_macromeris","Hillia_macrophylla_CA",0.0340937249885639,0.534653465346535,0.00205833339371782,0.151129470016061,0.267326732673267,0,0.191195358919338,0.227722772277228,0,0.1296185783371
"Hillia_macromeris","Hillia_maxonii",0.127651071870911,0.257425742574257,0.0181454554033657,0.340382000198316,0.792079207920792,0.000504903907605481,0.570051364437959,0.712871287128713,0.000797725899773988,0.567242610111227
"Hillia_macromeris","Hillia_palmana",0.0727432234856731,0.96039603960396,0.0874608541770723,0.443158138455665,0.683168316831683,8.20322157017439e-06,0.299187488843525,0.524752475247525,0,0.304722203957808
"Hillia_macromeris","Hillia_panamensis",0.0451104665452782,1,0.0625167368988774,0.456618799764243,0.346534653465347,0,0.173302416970824,0.297029702970297,0,0.158240425139647
"Hillia_macromeris","Hillia_parasitica",0.0517109499300289,0.910891089108911,0.0434721385092168,0.413553529329364,0.742574257425743,0.000763900276794532,0.71832283231902,0.821782178217822,0.00759703836032312,0.729520916288263
"Hillia_macromeris","Hillia_pumila",0.0665996647472917,0.851485148514851,0.0360561965713882,0.354153120124143,0.0792079207920792,0,0.0884587382663541,0.108910891089109,0,0.0964229364716506
"Hillia_macromeris","Hillia_tetrandra",0.0561245141118293,0.97029702970297,0.0811309079033558,0.33834330243752,0.316831683168317,0,0.194492850069707,0.346534653465347,0,0.249314999112542
"Hillia_macromeris","Hillia_triflora_var._pittieri",0.041032999919339,0.98019801980198,0.0977786258857846,0.47776797175561,0.465346534653465,0,0.21305549342784,0.504950495049505,0,0.219441068920506
"Hillia_macromeris","Hillia_triflora_var._triflora",0.0787594786507553,0.930693069306931,0.0741902831389479,0.412178643148684,0.574257425742574,0,0.35253080856079,0.574257425742574,0,0.338574930879762
"Hillia_macromeris","Hillia_ulei",0.163168491911011,0.277227722772277,0.0119755030189214,0.484724619252792,0.475247524752475,0.000794554068889736,0.820964720112241,0.386138613861386,0.000191120482922169,0.761589387338874
"Hillia_macromeris","Hillia_wurdackii",0.0530701497218752,1,0.1628017558344,0.637468253051544,0.0693069306930693,0,0.0620595482393509,0.0297029702970297,0,0.040428245830807
"Hillia_macrophylla_SA","Hillia_macrophylla_CA",0.127570942140734,0.792079207920792,0.0628356929750867,0.426973340072599,0.0693069306930693,0,0.150886392614818,0.0792079207920792,0,0.150301702731485
"Hillia_macrophylla_SA","Hillia_maxonii",0.178921349032755,0.752475247524752,0.112207879261046,0.494425819409518,0.0198019801980198,6.21711970916483e-05,0.0479335711415597,0.0099009900990099,8.55618495443633e-05,0.0567359273190982
"Hillia_macrophylla_SA","Hillia_palmana",0.539250648967973,0.0495049504950495,0.236519479721683,0.506098982165503,0.0099009900990099,0,0.190073821097014,0.0099009900990099,0,0.139614951730925
"Hillia_macrophylla_SA","Hillia_panamensis",0.367657743709615,0.851485148514851,0.322077201055241,0.492424519279686,0.0198019801980198,0,0.267411524904866,0.0297029702970297,0,0.261998341666634
"Hillia_macrophylla_SA","Hillia_parasitica",0.188837874078269,0.920792079207921,0.159297825119225,0.463795027996748,0.0198019801980198,0.00288937066379379,0.0833970767786173,0.0099009900990099,0.0022660224683951,0.114283808341616
"Hillia_macrophylla_SA","Hillia_pumila",0.353969619147975,0.693069306930693,0.236385486020151,0.661221923184794,0.178217821782178,0,0.619182592546575,0.198019801980198,0,0.78762417309231
"Hillia_macrophylla_SA","Hillia_tetrandra",0.373612989114743,0.0594059405940594,0.188533367979734,0.371317412132273,0.0792079207920792,0,0.425168891540832,0.0297029702970297,0,0.212940486131168
"Hillia_macrophylla_SA","Hillia_triflora_var._pittieri",0.147636119498453,1,0.317425729699467,0.512808547801105,0.0297029702970297,0,0.0921438690100034,0.0198019801980198,0,0.0675611179908237
"Hillia_macrophylla_SA","Hillia_triflora_var._triflora",0.538687495089284,0.0198019801980198,0.28175557485016,0.518169686085141,0.0099009900990099,0,0.0842167271003737,0.0099009900990099,0,0.0828326946137379
"Hillia_macrophylla_SA","Hillia_ulei",0.1475084510345,0.97029702970297,0.166979194266513,0.506295774159709,0.0495049504950495,0,0.0996173872231964,0.0594059405940594,0,0.137278336962783
"Hillia_macrophylla_SA","Hillia_wurdackii",0.320016948857049,0.98019801980198,0.429663868760225,0.759810884351552,0.198019801980198,0,0.693797921037593,0.178217821782178,0,0.688777716691493
"Hillia_macrophylla_CA","Hillia_maxonii",0.0184289187074769,0.693069306930693,0.0069857895499303,0.250695379657551,0.217821782178218,3.56084854424843e-07,0.104778739649501,0.237623762376238,2.90858734386001e-05,0.158040759266346
"Hillia_macrophylla_CA","Hillia_palmana",0.0606777027590985,0.95049504950495,0.0632351838550201,0.595157685188017,0.346534653465347,0,0.284934349974391,0.267326732673267,0,0.237196688455079
"Hillia_macrophylla_CA","Hillia_panamensis",0.152525353252109,0.742574257425743,0.0481034834740339,0.484152718927626,0.0396039603960396,0,0.106172775824148,0.0495049504950495,0,0.105028932111947
"Hillia_macrophylla_CA","Hillia_parasitica",0.0120888650200169,1,0.0218349617776369,0.180596419624333,0.316831683168317,0.00021923675695118,0.0932431511503651,0.297029702970297,0.000297492283966339,0.0926870687512275
"Hillia_macrophylla_CA","Hillia_pumila",0.0652132496506228,0.801980198019802,0.0400444209398058,0.342261306580573,0.0891089108910891,0,0.083321576837121,0.0693069306930693,0,0.0681472697485356
"Hillia_macrophylla_CA","Hillia_tetrandra",0.159117977624224,0.455445544554455,0.0315659539887898,0.385621903952751,0.0891089108910891,0,0.195547743535577,0.0594059405940594,0,0.160723839523181
"Hillia_macrophylla_CA","Hillia_triflora_var._pittieri",0.489312628506095,0.346534653465347,0.120725130997942,0.641137946999059,0.0297029702970297,0,0.353776419617055,0.0297029702970297,0,0.266658102803324
"Hillia_macrophylla_CA","Hillia_triflora_var._triflora",0.0977884277924376,0.821782178217822,0.0470414458506823,0.546449965307955,0.158415841584158,0,0.276967688763226,0.178217821782178,0,0.267274043742662
"Hillia_macrophylla_CA","Hillia_ulei",0.0557283101470095,0.475247524752475,0.00388707314197502,0.272537191260993,0.227722772277228,0,0.174032450880265,0.217821782178218,0,0.15770291268828
"Hillia_macrophylla_CA","Hillia_wurdackii",0.0386088180342335,0.96039603960396,0.0782965141420472,0.341293600018795,0.0792079207920792,0,0.0488411034007692,0.0396039603960396,0,0.0210091780151626
"Hillia_maxonii","Hillia_palmana",0.163747038568002,0.831683168316832,0.125168392994208,0.420707074923036,0.485148514851485,0.0110196360954383,0.28533821945851,0.435643564356436,0.00294274235966126,0.265319831314462
"Hillia_maxonii","Hillia_panamensis",0.0633700556596019,0.930693069306931,0.0598377935981974,0.388627676964109,0.366336633663366,0,0.151043531322942,0.386138613861386,0,0.141267721025052
"Hillia_maxonii","Hillia_parasitica",0.335344483411759,0.801980198019802,0.167475757603243,0.578457395948531,0.663366336633663,0.00670677668213957,0.641948855646328,0.594059405940594,0.00216437792356964,0.639693244266139
"Hillia_maxonii","Hillia_pumila",0.0646565817304091,0.712871287128713,0.026868746558877,0.312110868914772,0.0891089108910891,8.01687916655913e-05,0.0714621564650517,0.0693069306930693,0,0.0650312487001928
"Hillia_maxonii","Hillia_tetrandra",0.106769184327284,0.891089108910891,0.0930856390048748,0.352773635437074,0.108910891089109,0,0.12907793108277,0.108910891089109,0,0.117948996609785
"Hillia_maxonii","Hillia_triflora_var._pittieri",0.0216652043087578,1,0.0644047064401609,0.446733150831827,0.554455445544555,0,0.143322121778862,0.455445544554455,0,0.171162640243969
"Hillia_maxonii","Hillia_triflora_var._triflora",0.195648779811854,0.564356435643564,0.0609352841829127,0.385711589740905,0.405940594059406,0.00178305108482401,0.279544012619768,0.316831683168317,0.00058187889036187,0.275026389958481
"Hillia_maxonii","Hillia_ulei",0.0476812855662148,0.99009900990099,0.0775798996106198,0.631293873429766,0.603960396039604,0.000992283679315931,0.588560950031951,0.722772277227723,0.000436322999801031,0.572120564029397
"Hillia_maxonii","Hillia_wurdackii",0.0797088984484979,0.98019801980198,0.0945177639939024,0.382648252307187,0.0495049504950495,9.64465398904935e-05,0.0620728468735631,0.0198019801980198,1.84354709856116e-05,0.0653258395909145
"Hillia_palmana","Hillia_panamensis",0.352921801977806,0.920792079207921,0.32714484113654,0.620728831287285,0.0297029702970297,0,0.175248933823322,0.0198019801980198,0,0.174397219321755
"Hillia_palmana","Hillia_parasitica",0.154922857937391,0.891089108910891,0.144053626148268,0.235533339162667,0.386138613861386,0.00594909563918605,0.265691045589541,0.396039603960396,0.0102538555604295,0.257017497692924
"Hillia_palmana","Hillia_pumila",0.315111021733643,0.524752475247525,0.137424038328672,0.455268938871717,0.0099009900990099,0,0.115338013206584,0.0099009900990099,0,0.0786187701014763
"Hillia_palmana","Hillia_tetrandra",0.377893921424431,1,0.43298470803897,0.605836173152404,0.0099009900990099,0,0.251277440428523,0.0198019801980198,0,0.328305033805226
"Hillia_palmana","Hillia_triflora_var._pittieri",0.0657488694803371,1,0.403742487182669,0.786697793843213,0.425742574257426,0,0.404886468956293,0.415841584158416,0,0.401202275475378
"Hillia_palmana","Hillia_triflora_var._triflora",0.706392042981237,0.613861386138614,0.550704513561309,0.840492401234005,0.178217821782178,0.0126396022782097,0.814126281820036,0.217821782178218,0.00691340130577793,0.804997770131629
"Hillia_palmana","Hillia_ulei",0.0903161356505011,0.98019801980198,0.119687773650212,0.348861358001052,0.415841584158416,0,0.292750903758948,0.554455445544555,0.0010299032445058,0.322091324943802
"Hillia_palmana","Hillia_wurdackii",0.294639138129294,0.782178217821782,0.181798674765719,0.442750538417662,0.0099009900990099,0,0.102315514701752,0.0099009900990099,0,0.0624331232489889
"Hillia_panamensis","Hillia_parasitica",0.0724913343524961,1,0.108571133194205,0.214899199754622,0.415841584158416,6.69646545802149e-05,0.166174268644956,0.277227722772277,0,0.154659130169139
"Hillia_panamensis","Hillia_pumila",0.199272547553072,0.742574257425743,0.0891122128995648,0.431595868359394,0.0792079207920792,0,0.199784247308614,0.0693069306930693,0,0.223510986474497
"Hillia_panamensis","Hillia_tetrandra",0.679379331455908,0.0594059405940594,0.309329037973526,0.678038916254113,0.0495049504950495,0,0.616418914868076,0.0297029702970297,0,0.561423656029342
"Hillia_panamensis","Hillia_triflora_var._pittieri",0.217722681291084,0.99009900990099,0.288232513304271,0.665821025751306,0.0099009900990099,0,0.063048558332777,0.0396039603960396,0,0.13654095881379
"Hillia_panamensis","Hillia_triflora_var._triflora",0.453960336331889,0.564356435643564,0.325716892903563,0.618498693418845,0.0099009900990099,0,0.119889358602233,0.0099009900990099,0,0.161007846821893
"Hillia_panamensis","Hillia_ulei",0.179529735076035,0.742574257425743,0.0956201777468801,0.367466632192656,0.0396039603960396,0,0.131946765666372,0.0495049504950495,0,0.172387038665254
"Hillia_panamensis","Hillia_wurdackii",0.195118062719756,0.99009900990099,0.22750630930381,0.404877691044962,0.0495049504950495,0,0.177060532348932,0.0495049504950495,0,0.182312581765712
"Hillia_parasitica","Hillia_pumila",0.194404708396377,0.514851485148515,0.0641766029260749,0.347952111472396,0.0099009900990099,8.63597897388824e-05,0.0789618368984171,0.0099009900990099,6.86363565792603e-05,0.106264116448895
"Hillia_parasitica","Hillia_tetrandra",0.142922821525879,0.821782178217822,0.112904457300065,0.209794387749092,0.0594059405940594,1.09988648791415e-05,0.136920323265885,0.0792079207920792,0,0.16247468115493
"Hillia_parasitica","Hillia_triflora_var._pittieri",0.0161856249990623,1,0.0869580200760445,0.24532506882385,0.643564356435644,7.34513753238186e-05,0.129684601287762,0.584158415841584,0.000405250113993372,0.120787554243781
"Hillia_parasitica","Hillia_triflora_var._triflora",0.139797313996025,0.554455445544555,0.0935608610294471,0.21364093257248,0.554455445544555,0.00105235056892477,0.257569199776921,0.435643564356436,0.00410635593097579,0.267128167250998
"Hillia_parasitica","Hillia_ulei",0.0868074249772652,1,0.265068019279817,0.711929887837325,0.594059405940594,0.0011248346080105,0.683631223373839,0.574257425742574,0.00296888728013483,0.733293473324456
"Hillia_parasitica","Hillia_wurdackii",0.268329303518643,0.603960396039604,0.187130532607928,0.440690858246756,0.0099009900990099,0.000681377732352218,0.0976694930005666,0.0099009900990099,0.00248658164494092,0.0774483528777535
"Hillia_pumila","Hillia_tetrandra",0.23424001287159,0.297029702970297,0.0698864554365524,0.315359103881731,0.0495049504950495,0,0.20743022644143,0.0396039603960396,0,0.201733932672164
"Hillia_pumila","Hillia_triflora_var._pittieri",0.098621240779711,0.910891089108911,0.0698872091600127,0.333304633684062,0.0396039603960396,0,0.080079497680523,0.0297029702970297,0,0.0611571719108153
"Hillia_pumila","Hillia_triflora_var._triflora",0.239871588208074,0.702970297029703,0.116116807385227,0.415858882038824,0.0099009900990099,0,0.0627248749510627,0.0099009900990099,0,0.075945596783376
"Hillia_pumila","Hillia_ulei",0.146211929578418,0.306930693069307,0.0108429786927514,0.247503189434956,0.0396039603960396,0,0.0785286189958598,0.0396039603960396,0,0.0993858830401521
"Hillia_pumila","Hillia_wurdackii",0.721697743705663,0.0693069306930693,0.292722744741712,0.749644099482596,0.0891089108910891,0,0.868301871106677,0.0792079207920792,0,0.794187874779121
"Hillia_tetrandra","Hillia_triflora_var._pittieri",0.223973490189243,0.95049504950495,0.25037550574451,0.617115126759131,0.0198019801980198,0,0.142805902697096,0.0297029702970297,0,0.156551888866309
"Hillia_tetrandra","Hillia_triflora_var._triflora",0.4678261148586,0.435643564356436,0.252872102357146,0.598768367644213,0.0198019801980198,0,0.167989513312544,0.0099009900990099,0,0.183865890730777
"Hillia_tetrandra","Hillia_ulei",0.241238415418101,0.336633663366337,0.128963643923908,0.307222226210978,0.0099009900990099,0,0.190358699369816,0.0693069306930693,0,0.250881055599027
"Hillia_tetrandra","Hillia_wurdackii",0.228327135435891,0.653465346534653,0.147563118244332,0.337328965204234,0.0297029702970297,0,0.115949340731478,0.0198019801980198,0,0.139887632152813
"Hillia_triflora_var._pittieri","Hillia_triflora_var._triflora",0.10594914261314,1,0.311922033225471,0.736602235150561,0.435643564356436,0,0.481628386759794,0.405940594059406,0,0.489122796773773
"Hillia_triflora_var._pittieri","Hillia_ulei",0.0827377088281364,0.99009900990099,0.12802255547664,0.372934098631503,0.237623762376238,0,0.155772482646062,0.366336633663366,0,0.221329663532367
"Hillia_triflora_var._pittieri","Hillia_wurdackii",0.0570714501375557,1,0.241551366851714,0.401258406056088,0.0198019801980198,0,0.036130958854357,0.0396039603960396,0,0.0431481451080738
"Hillia_triflora_var._triflora","Hillia_ulei",0.107962316275995,0.772277227722772,0.068126455428466,0.325177751169093,0.475247524752475,0,0.319582160692122,0.346534653465347,0,0.315284624939223
"Hillia_triflora_var._triflora","Hillia_wurdackii",0.210999094560738,0.95049504950495,0.211323586797497,0.40230245847063,0.0099009900990099,0,0.0566039058692219,0.0099009900990099,0,0.0684475309896791
"Hillia_ulei","Hillia_wurdackii",0.197968206733445,0.792079207920792,0.170290621499009,0.367813742021574,0.0198019801980198,0,0.0680196060325274,0.0099009900990099,0,0.0689265693789916
